Transaction Date,Category,Product,Quantity,Price,Value
2015-01-09 18:32:08,Clothing,Jacket,5,50.0,250.0
2015-01-16 12:54:18,Groceries,Bread,1,2.0,2.0
2015-01-22 06:56:30,Groceries,Milk,5,3.0,15.0
2015-01-09 07:50:49,Groceries,Yogurt,3,2.5,7.5
2015-01-05 02:59:57,Groceries,Milk,5,3.0,15.0
2015-01-12 20:31:48,Clothing,T-Shirt,2,15.0,30.0
2015-01-09 06:09:57,Groceries,Yogurt,1,2.5,2.5
2015-01-01 23:09:40,Clothing,Pants,2,30.0,60.0
2015-01-26 02:16:39,Electronics,Camera,4,1200.0,4800.0
2015-01-10 01:39:05,Groceries,Bread,4,2.0,8.0
2015-02-19 05:35:59,Groceries,Bread,1,2.0,2.0
2015-02-16 05:07:55,Groceries,Milk,1,3.0,3.0
2015-02-10 23:49:35,Groceries,Yogurt,2,2.5,5.0
2015-02-03 17:40:31,Groceries,Milk,4,3.0,12.0
2015-02-16 14:13:08,Clothing,T-Shirt,2,15.0,30.0
2015-02-07 05:25:23,Clothing,T-Shirt,4,15.0,60.0
2015-02-02 10:29:34,Clothing,T-Shirt,3,15.0,45.0
2015-02-27 18:52:13,Groceries,Milk,5,3.0,15.0
2015-02-02 12:17:02,Clothing,T-Shirt,2,15.0,30.0
2015-02-08 22:19:37,Clothing,Pants,2,30.0,60.0
2015-03-18 22:01:13,Clothing,T-Shirt,5,15.0,75.0
2015-03-14 05:40:47,Groceries,Bread,5,2.0,10.0
2015-03-13 05:35:57,Groceries,Bread,2,2.0,4.0
2015-03-01 20:52:40,Clothing,T-Shirt,5,15.0,75.0
2015-03-09 07:54:51,Electronics,Laptop,5,2500.0,12500.0
2015-03-04 13:52:41,Groceries,Yogurt,2,2.5,5.0
2015-03-05 16:36:55,Clothing,Pants,1,30.0,30.0
2015-03-12 19:13:10,Groceries,Yogurt,3,2.5,7.5
2015-03-20 03:36:07,Clothing,Jacket,2,50.0,100.0
2015-03-18 09:15:12,Electronics,Camera,1,1200.0,1200.0
2015-04-26 12:11:01,Groceries,Yogurt,4,2.5,10.0
2015-04-14 01:19:58,Groceries,Milk,2,3.0,6.0
2015-04-01 07:50:30,Groceries,Milk,3,3.0,9.0
2015-04-16 17:08:17,Clothing,T-Shirt,2,15.0,30.0
2015-04-16 04:03:01,Clothing,Pants,3,30.0,90.0
2015-04-13 20:56:06,Clothing,T-Shirt,4,15.0,60.0
2015-04-06 16:05:55,Clothing,T-Shirt,1,15.0,15.0
2015-04-13 09:12:04,Electronics,Camera,2,1200.0,2400.0
2015-04-17 05:38:30,Electronics,Phone,1,800.0,800.0
2015-04-04 14:23:57,Electronics,Laptop,5,2500.0,12500.0
2015-05-17 17:12:08,Clothing,T-Shirt,5,15.0,75.0
2015-05-10 07:42:56,Clothing,T-Shirt,1,15.0,15.0
2015-05-27 21:14:15,Electronics,Laptop,5,2500.0,12500.0
2015-05-07 03:02:47,Clothing,Pants,5,30.0,150.0
2015-05-02 05:09:40,Groceries,Milk,2,3.0,6.0
2015-05-22 09:40:16,Groceries,Bread,2,2.0,4.0
2015-05-25 19:26:44,Groceries,Yogurt,2,2.5,5.0
2015-05-12 08:13:52,Groceries,Bread,4,2.0,8.0
2015-05-22 13:40:25,Groceries,Milk,4,3.0,12.0
2015-05-24 13:04:55,Groceries,Milk,4,3.0,12.0
2015-06-27 01:13:41,Clothing,Pants,1,30.0,30.0
2015-06-05 14:28:17,Groceries,Bread,4,2.0,8.0
2015-06-26 10:59:51,Clothing,T-Shirt,3,15.0,45.0
2015-06-23 03:01:41,Electronics,Phone,5,800.0,4000.0
2015-06-10 16:40:11,Electronics,Laptop,4,2500.0,10000.0
2015-06-11 17:52:47,Electronics,Laptop,4,2500.0,10000.0
2015-06-26 02:29:01,Groceries,Bread,4,2.0,8.0
2015-06-14 06:54:47,Electronics,Laptop,5,2500.0,12500.0
2015-06-18 02:08:17,Electronics,Camera,1,1200.0,1200.0
2015-06-22 13:28:23,Clothing,Pants,5,30.0,150.0
2015-07-07 02:09:06,Clothing,T-Shirt,1,15.0,15.0
2015-07-08 13:47:13,Electronics,Camera,3,1200.0,3600.0
2015-07-26 23:20:15,Groceries,Bread,3,2.0,6.0
2015-07-18 18:49:06,Groceries,Bread,1,2.0,2.0
2015-07-20 19:28:50,Clothing,Jacket,5,50.0,250.0
2015-07-03 14:06:52,Groceries,Milk,5,3.0,15.0
2015-07-22 14:52:42,Groceries,Yogurt,1,2.5,2.5
2015-07-01 15:19:32,Electronics,Camera,2,1200.0,2400.0
2015-07-09 12:20:20,Clothing,Pants,5,30.0,150.0
2015-07-04 05:38:59,Groceries,Bread,3,2.0,6.0
2015-08-15 18:57:04,Electronics,Laptop,1,2500.0,2500.0
2015-08-15 18:41:51,Clothing,Jacket,4,50.0,200.0
2015-08-21 15:28:55,Groceries,Milk,2,3.0,6.0
2015-08-08 19:20:37,Groceries,Bread,1,2.0,2.0
2015-08-25 03:36:30,Electronics,Laptop,4,2500.0,10000.0
2015-08-02 10:23:23,Clothing,Pants,4,30.0,120.0
2015-08-09 04:08:47,Clothing,T-Shirt,5,15.0,75.0
2015-08-16 14:16:00,Clothing,Pants,5,30.0,150.0
2015-08-04 06:12:18,Electronics,Phone,5,800.0,4000.0
2015-08-13 06:38:49,Groceries,Milk,3,3.0,9.0
2015-09-04 11:27:29,Groceries,Yogurt,2,2.5,5.0
2015-09-17 20:26:43,Electronics,Phone,5,800.0,4000.0
2015-09-20 09:01:40,Clothing,Jacket,5,50.0,250.0
2015-09-12 13:29:52,Clothing,Jacket,3,50.0,150.0
2015-09-15 08:33:45,Electronics,Laptop,5,2500.0,12500.0
2015-09-04 15:19:15,Groceries,Milk,3,3.0,9.0
2015-09-06 01:54:51,Clothing,Jacket,2,50.0,100.0
2015-09-16 14:38:27,Electronics,Phone,4,800.0,3200.0
2015-09-11 19:22:13,Electronics,Phone,4,800.0,3200.0
2015-09-09 01:50:02,Electronics,Phone,5,800.0,4000.0
2015-10-01 22:52:06,Electronics,Laptop,5,2500.0,12500.0
2015-10-01 03:45:16,Electronics,Phone,1,800.0,800.0
2015-10-21 04:22:57,Groceries,Bread,3,2.0,6.0
2015-10-26 10:11:44,Electronics,Camera,3,1200.0,3600.0
2015-10-02 04:10:22,Clothing,Jacket,5,50.0,250.0
2015-10-26 19:33:27,Electronics,Laptop,1,2500.0,2500.0
2015-10-17 08:36:46,Groceries,Bread,4,2.0,8.0
2015-10-24 21:19:37,Clothing,T-Shirt,3,15.0,45.0
2015-10-06 02:47:31,Electronics,Phone,2,800.0,1600.0
2015-10-16 12:09:51,Groceries,Yogurt,4,2.5,10.0
2015-11-06 12:38:57,Groceries,Milk,5,3.0,15.0
2015-11-15 15:58:42,Electronics,Phone,2,800.0,1600.0
2015-11-11 16:15:09,Clothing,Pants,4,30.0,120.0
2015-11-12 01:25:03,Electronics,Laptop,2,2500.0,5000.0
2015-11-02 05:16:06,Clothing,Jacket,4,50.0,200.0
2015-11-07 03:40:35,Electronics,Laptop,3,2500.0,7500.0
2015-11-04 18:49:58,Groceries,Milk,5,3.0,15.0
2015-11-03 09:16:30,Clothing,Jacket,4,50.0,200.0
2015-11-22 22:21:34,Clothing,T-Shirt,2,15.0,30.0
2015-11-01 15:58:15,Clothing,Pants,4,30.0,120.0
2015-12-05 20:54:00,Electronics,Phone,2,800.0,1600.0
2015-12-20 05:41:02,Electronics,Laptop,1,2500.0,2500.0
2015-12-12 05:25:11,Clothing,T-Shirt,3,15.0,45.0
2015-12-01 15:24:55,Clothing,Pants,2,30.0,60.0
2015-12-16 17:06:18,Groceries,Milk,2,3.0,6.0
2015-12-19 13:50:45,Groceries,Yogurt,2,2.5,5.0
2015-12-05 16:55:55,Clothing,T-Shirt,2,15.0,30.0
2015-12-10 19:49:25,Electronics,Camera,5,1200.0,6000.0
2015-12-05 19:56:35,Groceries,Yogurt,2,2.5,5.0
2015-12-13 22:15:50,Groceries,Yogurt,3,2.5,7.5
2016-01-01 20:48:48,Clothing,Jacket,5,50.0,250.0
2016-01-08 11:08:04,Electronics,Camera,2,1200.0,2400.0
2016-01-13 05:50:05,Electronics,Phone,2,800.0,1600.0
2016-01-18 17:17:23,Electronics,Laptop,2,2500.0,5000.0
2016-01-27 20:44:36,Electronics,Phone,2,800.0,1600.0
2016-01-20 22:29:25,Electronics,Phone,3,800.0,2400.0
2016-01-11 01:20:46,Groceries,Yogurt,1,2.5,2.5
2016-01-05 13:39:46,Clothing,T-Shirt,3,15.0,45.0
2016-01-24 15:40:45,Electronics,Phone,5,800.0,4000.0
2016-01-18 04:17:49,Groceries,Bread,1,2.0,2.0
2016-02-18 17:57:24,Groceries,Bread,5,2.0,10.0
2016-02-12 00:12:08,Groceries,Milk,5,3.0,15.0
2016-02-09 21:25:14,Electronics,Laptop,3,2500.0,7500.0
2016-02-09 12:25:30,Clothing,T-Shirt,4,15.0,60.0
2016-02-02 08:55:25,Electronics,Laptop,3,2500.0,7500.0
2016-02-13 21:00:46,Clothing,T-Shirt,2,15.0,30.0
2016-02-08 23:07:28,Electronics,Phone,3,800.0,2400.0
2016-02-16 03:12:12,Clothing,Jacket,2,50.0,100.0
2016-02-04 16:33:36,Clothing,T-Shirt,1,15.0,15.0
2016-02-24 05:50:27,Clothing,T-Shirt,5,15.0,75.0
2016-03-23 10:11:49,Electronics,Laptop,4,2500.0,10000.0
2016-03-14 11:46:40,Clothing,Pants,5,30.0,150.0
2016-03-04 19:27:29,Electronics,Phone,2,800.0,1600.0
2016-03-21 20:17:57,Electronics,Laptop,2,2500.0,5000.0
2016-03-27 18:42:35,Electronics,Camera,5,1200.0,6000.0
2016-03-27 15:50:33,Clothing,T-Shirt,2,15.0,30.0
2016-03-16 19:25:34,Electronics,Camera,4,1200.0,4800.0
2016-03-24 10:02:50,Clothing,Jacket,1,50.0,50.0
2016-03-21 11:28:49,Groceries,Yogurt,1,2.5,2.5
2016-03-03 00:34:30,Electronics,Phone,1,800.0,800.0
2016-04-16 11:30:16,Groceries,Milk,2,3.0,6.0
2016-04-27 07:56:52,Clothing,T-Shirt,2,15.0,30.0
2016-04-20 04:25:36,Clothing,T-Shirt,4,15.0,60.0
2016-04-21 23:50:32,Groceries,Bread,5,2.0,10.0
2016-04-20 04:10:41,Electronics,Phone,1,800.0,800.0
2016-04-20 08:33:11,Electronics,Laptop,2,2500.0,5000.0
2016-04-25 07:10:11,Electronics,Phone,1,800.0,800.0
2016-04-11 18:49:30,Clothing,T-Shirt,3,15.0,45.0
2016-04-13 12:57:59,Clothing,Jacket,1,50.0,50.0
2016-04-06 17:32:00,Groceries,Milk,3,3.0,9.0
2016-05-08 00:44:20,Groceries,Milk,5,3.0,15.0
2016-05-19 16:05:04,Electronics,Camera,3,1200.0,3600.0
2016-05-08 12:38:57,Clothing,T-Shirt,2,15.0,30.0
2016-05-14 20:27:38,Clothing,Jacket,3,50.0,150.0
2016-05-10 07:04:03,Electronics,Phone,1,800.0,800.0
2016-05-03 20:36:10,Electronics,Camera,1,1200.0,1200.0
2016-05-20 02:54:43,Groceries,Milk,5,3.0,15.0
2016-05-18 12:45:29,Groceries,Yogurt,5,2.5,12.5
2016-05-19 02:15:32,Clothing,Jacket,2,50.0,100.0
2016-05-03 23:10:23,Clothing,T-Shirt,4,15.0,60.0
2016-06-05 05:16:39,Electronics,Laptop,4,2500.0,10000.0
2016-06-04 07:39:58,Electronics,Camera,2,1200.0,2400.0
2016-06-13 21:40:16,Electronics,Camera,4,1200.0,4800.0
2016-06-02 08:44:34,Groceries,Bread,1,2.0,2.0
2016-06-16 02:54:59,Electronics,Laptop,2,2500.0,5000.0
2016-06-06 19:54:58,Groceries,Yogurt,5,2.5,12.5
2016-06-17 15:02:13,Groceries,Milk,1,3.0,3.0
2016-06-15 16:52:13,Groceries,Milk,2,3.0,6.0
2016-06-11 12:46:26,Electronics,Phone,4,800.0,3200.0
2016-06-12 08:01:08,Groceries,Bread,1,2.0,2.0
2016-07-11 16:58:58,Electronics,Phone,5,800.0,4000.0
2016-07-16 14:04:42,Groceries,Bread,5,2.0,10.0
2016-07-27 14:19:37,Clothing,T-Shirt,3,15.0,45.0
2016-07-09 22:13:07,Groceries,Milk,1,3.0,3.0
2016-07-13 11:33:25,Groceries,Milk,4,3.0,12.0
2016-07-17 11:55:30,Clothing,Pants,3,30.0,90.0
2016-07-06 04:36:34,Clothing,Pants,4,30.0,120.0
2016-07-15 16:02:02,Clothing,Jacket,1,50.0,50.0
2016-07-05 12:08:48,Clothing,Jacket,4,50.0,200.0
2016-07-20 22:17:49,Groceries,Milk,5,3.0,15.0
2016-08-03 18:23:46,Clothing,Jacket,2,50.0,100.0
2016-08-24 10:13:48,Electronics,Phone,2,800.0,1600.0
2016-08-13 05:46:31,Groceries,Bread,4,2.0,8.0
2016-08-05 03:13:38,Groceries,Milk,3,3.0,9.0
2016-08-11 20:43:17,Groceries,Yogurt,3,2.5,7.5
2016-08-20 05:16:26,Groceries,Milk,4,3.0,12.0
2016-08-10 14:41:10,Groceries,Milk,4,3.0,12.0
2016-08-07 21:39:52,Groceries,Milk,5,3.0,15.0
2016-08-01 15:32:01,Groceries,Yogurt,2,2.5,5.0
2016-08-25 03:30:39,Groceries,Milk,4,3.0,12.0
2016-09-12 07:52:00,Clothing,Pants,3,30.0,90.0
2016-09-01 03:11:19,Groceries,Bread,4,2.0,8.0
2016-09-26 11:41:07,Electronics,Phone,4,800.0,3200.0
2016-09-08 18:34:53,Groceries,Bread,4,2.0,8.0
2016-09-12 06:47:05,Clothing,Pants,2,30.0,60.0
2016-09-09 07:30:33,Clothing,T-Shirt,1,15.0,15.0
2016-09-05 13:32:22,Groceries,Yogurt,2,2.5,5.0
2016-09-16 18:55:40,Groceries,Milk,1,3.0,3.0
2016-09-16 04:01:27,Electronics,Phone,5,800.0,4000.0
2016-09-05 23:27:30,Groceries,Milk,1,3.0,3.0
2016-10-14 01:59:53,Electronics,Laptop,1,2500.0,2500.0
2016-10-06 09:22:45,Electronics,Phone,5,800.0,4000.0
2016-10-06 21:57:12,Groceries,Bread,4,2.0,8.0
2016-10-08 18:00:06,Clothing,Jacket,3,50.0,150.0
2016-10-27 11:33:20,Electronics,Laptop,2,2500.0,5000.0
2016-10-15 04:59:36,Groceries,Yogurt,3,2.5,7.5
2016-10-27 04:02:26,Electronics,Camera,4,1200.0,4800.0
2016-10-22 18:09:05,Electronics,Laptop,2,2500.0,5000.0
2016-10-27 03:40:27,Clothing,Pants,1,30.0,30.0
2016-10-11 22:46:33,Groceries,Yogurt,2,2.5,5.0
2016-11-07 03:45:24,Electronics,Laptop,2,2500.0,5000.0
2016-11-20 22:29:23,Clothing,Pants,4,30.0,120.0
2016-11-13 15:03:47,Electronics,Camera,2,1200.0,2400.0
2016-11-15 05:08:42,Groceries,Yogurt,2,2.5,5.0
2016-11-26 21:52:36,Groceries,Milk,4,3.0,12.0
2016-11-24 18:52:01,Clothing,Jacket,2,50.0,100.0
2016-11-22 00:25:15,Groceries,Yogurt,3,2.5,7.5
2016-11-03 12:23:54,Groceries,Bread,2,2.0,4.0
2016-11-12 19:00:09,Electronics,Phone,4,800.0,3200.0
2016-11-25 20:25:47,Clothing,T-Shirt,1,15.0,15.0
2016-12-23 00:39:37,Groceries,Bread,4,2.0,8.0
2016-12-13 10:17:26,Electronics,Phone,1,800.0,800.0
2016-12-09 15:56:02,Groceries,Yogurt,1,2.5,2.5
2016-12-23 01:41:10,Electronics,Laptop,2,2500.0,5000.0
2016-12-10 04:31:36,Clothing,Jacket,5,50.0,250.0
2016-12-08 00:45:38,Groceries,Bread,5,2.0,10.0
2016-12-25 02:22:28,Groceries,Bread,5,2.0,10.0
2016-12-01 16:42:21,Groceries,Bread,4,2.0,8.0
2016-12-05 00:11:17,Clothing,Jacket,4,50.0,200.0
2016-12-09 09:11:48,Electronics,Phone,5,800.0,4000.0
2017-01-25 13:57:46,Electronics,Camera,3,1200.0,3600.0
2017-01-03 01:06:57,Clothing,Pants,5,30.0,150.0
2017-01-03 12:30:04,Groceries,Bread,3,2.0,6.0
2017-01-01 01:19:27,Groceries,Bread,5,2.0,10.0
2017-01-12 01:24:04,Electronics,Phone,5,800.0,4000.0
2017-01-21 06:13:41,Electronics,Camera,1,1200.0,1200.0
2017-01-18 11:24:17,Groceries,Yogurt,4,2.5,10.0
2017-01-13 15:36:27,Groceries,Milk,2,3.0,6.0
2017-01-08 00:44:45,Clothing,Jacket,5,50.0,250.0
2017-01-07 22:06:36,Electronics,Laptop,3,2500.0,7500.0
2017-02-09 14:33:56,Electronics,Phone,1,800.0,800.0
2017-02-21 17:42:55,Groceries,Bread,2,2.0,4.0
2017-02-05 21:53:34,Electronics,Camera,2,1200.0,2400.0
2017-02-06 12:59:36,Groceries,Milk,4,3.0,12.0
2017-02-04 20:02:08,Electronics,Camera,4,1200.0,4800.0
2017-02-13 01:51:14,Clothing,T-Shirt,2,15.0,30.0
2017-02-17 21:31:53,Electronics,Phone,1,800.0,800.0
2017-02-18 20:36:47,Groceries,Yogurt,2,2.5,5.0
2017-02-08 00:45:45,Electronics,Camera,4,1200.0,4800.0
2017-02-17 23:44:51,Clothing,Pants,4,30.0,120.0
2017-03-10 00:16:35,Clothing,T-Shirt,3,15.0,45.0
2017-03-24 18:20:55,Electronics,Phone,2,800.0,1600.0
2017-03-10 02:30:28,Groceries,Yogurt,2,2.5,5.0
2017-03-19 01:06:42,Electronics,Camera,2,1200.0,2400.0
2017-03-16 22:26:41,Electronics,Phone,2,800.0,1600.0
2017-03-15 12:40:47,Clothing,Jacket,4,50.0,200.0
2017-03-15 00:09:48,Clothing,Jacket,4,50.0,200.0
2017-03-13 11:45:00,Electronics,Camera,1,1200.0,1200.0
2017-03-14 20:36:29,Groceries,Milk,2,3.0,6.0
2017-03-05 20:36:27,Groceries,Bread,2,2.0,4.0
2017-04-21 03:07:07,Groceries,Milk,1,3.0,3.0
2017-04-22 02:20:30,Clothing,Pants,2,30.0,60.0
2017-04-05 18:03:08,Clothing,Pants,4,30.0,120.0
2017-04-15 00:40:22,Groceries,Milk,4,3.0,12.0
2017-04-15 20:58:40,Groceries,Bread,3,2.0,6.0
2017-04-19 14:45:35,Electronics,Phone,4,800.0,3200.0
2017-04-15 21:07:22,Groceries,Yogurt,2,2.5,5.0
2017-04-08 01:39:22,Electronics,Camera,5,1200.0,6000.0
2017-04-03 05:48:45,Clothing,Pants,2,30.0,60.0
2017-04-26 16:42:11,Groceries,Milk,2,3.0,6.0
2017-05-18 22:08:36,Groceries,Bread,1,2.0,2.0
2017-05-12 03:35:59,Electronics,Camera,4,1200.0,4800.0
2017-05-14 14:58:03,Clothing,Pants,5,30.0,150.0
2017-05-20 00:06:44,Clothing,Pants,1,30.0,30.0
2017-05-25 17:49:25,Groceries,Bread,1,2.0,2.0
2017-05-19 15:15:16,Groceries,Bread,2,2.0,4.0
2017-05-20 03:56:48,Groceries,Milk,2,3.0,6.0
2017-05-25 01:46:40,Clothing,Pants,2,30.0,60.0
2017-05-25 23:52:49,Clothing,Jacket,2,50.0,100.0
2017-05-13 01:24:12,Groceries,Milk,2,3.0,6.0
2017-06-20 18:45:26,Groceries,Yogurt,2,2.5,5.0
2017-06-03 19:13:47,Electronics,Laptop,2,2500.0,5000.0
2017-06-14 00:25:22,Groceries,Milk,4,3.0,12.0
2017-06-05 00:16:55,Clothing,Jacket,3,50.0,150.0
2017-06-10 00:49:48,Electronics,Laptop,3,2500.0,7500.0
2017-06-05 13:58:32,Groceries,Bread,4,2.0,8.0
2017-06-13 03:31:39,Clothing,Pants,1,30.0,30.0
2017-06-23 04:51:02,Groceries,Bread,5,2.0,10.0
2017-06-27 14:04:33,Clothing,Pants,2,30.0,60.0
2017-06-18 01:03:35,Electronics,Camera,5,1200.0,6000.0
2017-07-13 21:31:31,Electronics,Phone,1,800.0,800.0
2017-07-21 16:42:00,Electronics,Phone,3,800.0,2400.0
2017-07-27 10:41:20,Electronics,Camera,1,1200.0,1200.0
2017-07-06 04:41:23,Electronics,Phone,2,800.0,1600.0
2017-07-18 03:44:40,Electronics,Phone,1,800.0,800.0
2017-07-04 06:06:41,Electronics,Camera,4,1200.0,4800.0
2017-07-07 18:29:30,Electronics,Phone,1,800.0,800.0
2017-07-13 19:39:24,Electronics,Laptop,4,2500.0,10000.0
2017-07-18 12:10:12,Electronics,Phone,4,800.0,3200.0
2017-07-02 14:20:25,Electronics,Laptop,2,2500.0,5000.0
2017-08-25 17:12:36,Groceries,Milk,3,3.0,9.0
2017-08-04 05:57:29,Clothing,T-Shirt,1,15.0,15.0
2017-08-24 07:16:32,Clothing,T-Shirt,4,15.0,60.0
2017-08-04 19:07:58,Clothing,Jacket,5,50.0,250.0
2017-08-16 17:28:58,Groceries,Yogurt,1,2.5,2.5
2017-08-14 03:40:36,Groceries,Yogurt,3,2.5,7.5
2017-08-17 16:19:06,Clothing,Pants,1,30.0,30.0
2017-08-18 03:02:56,Clothing,Pants,5,30.0,150.0
2017-08-14 21:51:02,Electronics,Phone,3,800.0,2400.0
2017-08-08 20:07:48,Electronics,Camera,3,1200.0,3600.0
2017-09-11 18:22:27,Electronics,Camera,5,1200.0,6000.0
2017-09-07 08:58:01,Clothing,T-Shirt,2,15.0,30.0
2017-09-25 03:24:17,Groceries,Milk,2,3.0,6.0
2017-09-23 02:04:18,Clothing,Pants,4,30.0,120.0
2017-09-10 22:41:54,Clothing,Jacket,2,50.0,100.0
2017-09-15 21:10:06,Clothing,Pants,5,30.0,150.0
2017-09-10 18:29:46,Electronics,Camera,2,1200.0,2400.0
2017-09-03 18:51:12,Clothing,Pants,4,30.0,120.0
2017-09-01 08:56:03,Clothing,Jacket,2,50.0,100.0
2017-09-19 22:55:27,Electronics,Laptop,3,2500.0,7500.0
2017-10-06 09:10:18,Electronics,Laptop,1,2500.0,2500.0
2017-10-12 01:24:25,Groceries,Milk,3,3.0,9.0
2017-10-21 16:35:27,Groceries,Milk,5,3.0,15.0
2017-10-09 15:08:52,Electronics,Camera,3,1200.0,3600.0
2017-10-14 14:55:42,Electronics,Laptop,4,2500.0,10000.0
2017-10-18 04:40:57,Clothing,Jacket,5,50.0,250.0
2017-10-12 23:54:00,Clothing,T-Shirt,4,15.0,60.0
2017-10-15 05:37:26,Groceries,Bread,4,2.0,8.0
2017-10-25 02:42:52,Groceries,Yogurt,3,2.5,7.5
2017-10-27 17:29:54,Clothing,Jacket,3,50.0,150.0
2017-11-13 07:21:22,Clothing,Pants,3,30.0,90.0
2017-11-27 03:04:58,Clothing,Pants,5,30.0,150.0
2017-11-16 21:00:01,Groceries,Milk,1,3.0,3.0
2017-11-14 14:42:29,Groceries,Bread,2,2.0,4.0
2017-11-12 23:27:05,Clothing,Jacket,2,50.0,100.0
2017-11-13 16:08:27,Electronics,Phone,1,800.0,800.0
2017-11-15 20:37:32,Clothing,Jacket,5,50.0,250.0
2017-11-25 00:06:33,Clothing,Jacket,3,50.0,150.0
2017-11-24 06:33:29,Clothing,Jacket,2,50.0,100.0
2017-11-04 17:09:39,Clothing,Jacket,1,50.0,50.0
2017-12-16 08:35:19,Groceries,Milk,2,3.0,6.0
2017-12-23 11:05:07,Clothing,T-Shirt,5,15.0,75.0
2017-12-02 17:18:19,Clothing,Pants,2,30.0,60.0
2017-12-14 02:22:33,Groceries,Milk,1,3.0,3.0
2017-12-04 05:25:30,Electronics,Phone,3,800.0,2400.0
2017-12-15 07:27:24,Electronics,Laptop,5,2500.0,12500.0
2017-12-05 19:09:07,Electronics,Laptop,2,2500.0,5000.0
2017-12-26 18:49:25,Groceries,Yogurt,4,2.5,10.0
2017-12-22 11:55:18,Clothing,Jacket,2,50.0,100.0
2017-12-04 03:05:35,Groceries,Bread,5,2.0,10.0
2018-01-25 21:41:58,Clothing,T-Shirt,5,15.0,75.0
2018-01-19 03:35:29,Groceries,Milk,2,3.0,6.0
2018-01-26 07:16:38,Clothing,Jacket,5,50.0,250.0
2018-01-12 23:57:05,Electronics,Phone,1,800.0,800.0
2018-01-26 16:08:16,Electronics,Laptop,3,2500.0,7500.0
2018-01-12 01:27:19,Groceries,Yogurt,2,2.5,5.0
2018-01-09 03:21:07,Electronics,Laptop,3,2500.0,7500.0
2018-01-05 20:54:50,Groceries,Milk,4,3.0,12.0
2018-01-22 23:44:58,Groceries,Milk,2,3.0,6.0
2018-01-05 13:18:50,Clothing,T-Shirt,2,15.0,30.0
2018-02-05 08:00:51,Electronics,Laptop,5,2500.0,12500.0
2018-02-06 19:54:02,Clothing,T-Shirt,1,15.0,15.0
2018-02-17 06:34:21,Electronics,Camera,4,1200.0,4800.0
2018-02-01 03:16:51,Clothing,Jacket,2,50.0,100.0
2018-02-05 01:12:02,Groceries,Milk,2,3.0,6.0
2018-02-02 19:14:37,Groceries,Milk,4,3.0,12.0
2018-02-18 21:51:59,Clothing,Pants,5,30.0,150.0
2018-02-19 03:09:40,Electronics,Camera,1,1200.0,1200.0
2018-02-25 23:37:51,Clothing,T-Shirt,4,15.0,60.0
2018-02-26 11:50:13,Clothing,T-Shirt,3,15.0,45.0
2018-03-14 23:07:45,Groceries,Bread,5,2.0,10.0
2018-03-12 06:41:35,Clothing,Pants,4,30.0,120.0
2018-03-13 17:32:16,Groceries,Bread,5,2.0,10.0
2018-03-06 12:13:44,Electronics,Laptop,2,2500.0,5000.0
2018-03-10 00:01:53,Groceries,Yogurt,3,2.5,7.5
2018-03-14 11:34:08,Clothing,Jacket,3,50.0,150.0
2018-03-21 08:24:12,Groceries,Milk,2,3.0,6.0
2018-03-23 07:47:38,Clothing,Jacket,2,50.0,100.0
2018-03-11 16:02:48,Electronics,Camera,4,1200.0,4800.0
2018-03-17 14:07:59,Clothing,Pants,3,30.0,90.0
2018-04-09 13:59:32,Clothing,Pants,2,30.0,60.0
2018-04-23 05:11:26,Groceries,Yogurt,4,2.5,10.0
2018-04-08 18:34:56,Groceries,Milk,5,3.0,15.0
2018-04-18 00:47:11,Electronics,Camera,1,1200.0,1200.0
2018-04-06 06:10:30,Electronics,Camera,2,1200.0,2400.0
2018-04-14 05:19:24,Groceries,Milk,1,3.0,3.0
2018-04-11 09:23:54,Clothing,T-Shirt,4,15.0,60.0
2018-04-22 04:25:43,Electronics,Phone,3,800.0,2400.0
2018-04-09 09:49:17,Clothing,Jacket,1,50.0,50.0
2018-04-18 02:55:41,Groceries,Yogurt,3,2.5,7.5
2018-05-15 06:09:44,Clothing,Jacket,5,50.0,250.0
2018-05-24 12:34:27,Electronics,Laptop,4,2500.0,10000.0
2018-05-08 04:51:07,Groceries,Milk,4,3.0,12.0
2018-05-02 12:07:31,Groceries,Bread,1,2.0,2.0
2018-05-15 00:56:15,Groceries,Milk,1,3.0,3.0
2018-05-27 04:49:17,Clothing,Jacket,1,50.0,50.0
2018-05-19 12:40:19,Clothing,Jacket,4,50.0,200.0
2018-05-02 22:21:16,Electronics,Camera,2,1200.0,2400.0
2018-05-26 06:59:58,Electronics,Laptop,5,2500.0,12500.0
2018-05-24 09:45:44,Groceries,Yogurt,2,2.5,5.0
2018-06-09 08:00:04,Electronics,Laptop,5,2500.0,12500.0
2018-06-13 21:15:28,Groceries,Bread,1,2.0,2.0
2018-06-03 20:04:40,Electronics,Camera,2,1200.0,2400.0
2018-06-21 23:21:10,Groceries,Bread,4,2.0,8.0
2018-06-11 14:58:37,Clothing,Pants,4,30.0,120.0
2018-06-10 11:52:29,Electronics,Phone,3,800.0,2400.0
2018-06-21 23:58:34,Clothing,T-Shirt,3,15.0,45.0
2018-06-19 20:28:07,Clothing,T-Shirt,1,15.0,15.0
2018-06-24 19:27:53,Clothing,Jacket,4,50.0,200.0
2018-06-05 13:01:47,Clothing,T-Shirt,1,15.0,15.0
2018-07-06 03:28:08,Electronics,Camera,5,1200.0,6000.0
2018-07-14 16:56:22,Electronics,Phone,2,800.0,1600.0
2018-07-08 12:17:59,Groceries,Milk,5,3.0,15.0
2018-07-27 09:56:25,Electronics,Camera,2,1200.0,2400.0
2018-07-15 18:54:48,Clothing,T-Shirt,3,15.0,45.0
2018-07-26 08:28:16,Clothing,Jacket,5,50.0,250.0
2018-07-27 19:59:01,Clothing,T-Shirt,4,15.0,60.0
2018-07-16 16:51:52,Groceries,Yogurt,1,2.5,2.5
2018-07-20 21:47:40,Groceries,Bread,4,2.0,8.0
2018-07-22 21:01:25,Electronics,Laptop,3,2500.0,7500.0
2018-08-04 03:33:31,Groceries,Bread,2,2.0,4.0
2018-08-15 22:11:20,Clothing,T-Shirt,3,15.0,45.0
2018-08-01 22:27:01,Electronics,Laptop,3,2500.0,7500.0
2018-08-14 01:10:50,Groceries,Yogurt,3,2.5,7.5
2018-08-21 00:55:26,Electronics,Laptop,1,2500.0,2500.0
2018-08-16 06:12:15,Clothing,Pants,5,30.0,150.0
2018-08-23 04:22:35,Clothing,T-Shirt,1,15.0,15.0
2018-08-09 23:38:59,Electronics,Phone,2,800.0,1600.0
2018-08-20 17:28:56,Electronics,Laptop,4,2500.0,10000.0
2018-08-15 20:55:07,Electronics,Phone,5,800.0,4000.0
2018-09-03 01:22:22,Electronics,Camera,2,1200.0,2400.0
2018-09-20 08:08:01,Electronics,Laptop,2,2500.0,5000.0
2018-09-01 20:05:14,Clothing,Pants,2,30.0,60.0
2018-09-16 07:05:59,Groceries,Milk,5,3.0,15.0
2018-09-18 06:37:22,Clothing,Jacket,5,50.0,250.0
2018-09-03 11:48:48,Clothing,Jacket,2,50.0,100.0
2018-09-03 04:46:05,Clothing,Pants,1,30.0,30.0
2018-09-10 09:53:41,Groceries,Milk,3,3.0,9.0
2018-09-26 19:39:44,Clothing,T-Shirt,2,15.0,30.0
2018-09-18 01:11:04,Clothing,Jacket,2,50.0,100.0
2018-10-22 02:11:25,Clothing,Jacket,1,50.0,50.0
2018-10-17 01:06:49,Clothing,T-Shirt,4,15.0,60.0
2018-10-13 04:49:41,Electronics,Laptop,2,2500.0,5000.0
2018-10-17 11:30:33,Groceries,Bread,5,2.0,10.0
2018-10-16 12:42:14,Groceries,Bread,3,2.0,6.0
2018-10-10 19:22:41,Electronics,Laptop,1,2500.0,2500.0
2018-10-21 19:21:17,Clothing,T-Shirt,3,15.0,45.0
2018-10-04 07:22:16,Clothing,Jacket,3,50.0,150.0
2018-10-21 02:06:19,Electronics,Phone,4,800.0,3200.0
2018-10-17 08:24:44,Clothing,Jacket,4,50.0,200.0
2018-11-11 00:07:16,Electronics,Camera,1,1200.0,1200.0
2018-11-18 19:33:39,Groceries,Yogurt,3,2.5,7.5
2018-11-06 05:02:31,Groceries,Bread,3,2.0,6.0
2018-11-15 14:33:43,Electronics,Phone,2,800.0,1600.0
2018-11-10 21:27:24,Electronics,Laptop,3,2500.0,7500.0
2018-11-10 12:25:57,Clothing,T-Shirt,1,15.0,15.0
2018-11-17 09:53:10,Electronics,Phone,1,800.0,800.0
2018-11-20 02:00:28,Clothing,Pants,4,30.0,120.0
2018-11-21 01:09:14,Groceries,Milk,4,3.0,12.0
2018-11-22 11:14:29,Electronics,Laptop,2,2500.0,5000.0
2018-12-04 13:18:34,Electronics,Phone,2,800.0,1600.0
2018-12-27 16:59:30,Groceries,Bread,3,2.0,6.0
2018-12-20 10:39:52,Clothing,Jacket,5,50.0,250.0
2018-12-02 02:27:58,Electronics,Camera,4,1200.0,4800.0
2018-12-25 05:09:09,Electronics,Phone,1,800.0,800.0
2018-12-19 04:11:30,Electronics,Camera,1,1200.0,1200.0
2018-12-09 17:07:32,Groceries,Bread,4,2.0,8.0
2018-12-19 10:42:48,Clothing,Jacket,3,50.0,150.0
2018-12-05 00:59:44,Electronics,Laptop,1,2500.0,2500.0
2018-12-04 17:10:53,Clothing,Jacket,2,50.0,100.0
2019-01-14 21:43:04,Electronics,Phone,4,800.0,3200.0
2019-01-07 15:22:14,Electronics,Phone,4,800.0,3200.0
2019-01-20 23:34:25,Groceries,Bread,1,2.0,2.0
2019-01-05 14:27:22,Electronics,Camera,3,1200.0,3600.0
2019-01-04 19:50:03,Electronics,Laptop,3,2500.0,7500.0
2019-01-09 02:20:14,Clothing,Pants,2,30.0,60.0
2019-01-01 19:50:07,Electronics,Laptop,2,2500.0,5000.0
2019-01-09 10:26:05,Clothing,Pants,1,30.0,30.0
2019-01-16 14:43:37,Clothing,Jacket,5,50.0,250.0
2019-01-08 14:57:05,Clothing,T-Shirt,4,15.0,60.0
2019-02-19 04:10:28,Electronics,Laptop,1,2500.0,2500.0
2019-02-06 09:04:15,Groceries,Yogurt,5,2.5,12.5
2019-02-02 17:47:20,Groceries,Milk,3,3.0,9.0
2019-02-22 22:42:12,Clothing,Jacket,4,50.0,200.0
2019-02-06 21:08:45,Clothing,Pants,4,30.0,120.0
2019-02-27 02:53:39,Electronics,Camera,3,1200.0,3600.0
2019-02-09 02:38:58,Electronics,Phone,2,800.0,1600.0
2019-02-14 06:03:06,Clothing,T-Shirt,4,15.0,60.0
2019-02-08 14:20:12,Electronics,Laptop,5,2500.0,12500.0
2019-02-27 12:27:55,Clothing,Pants,5,30.0,150.0
2019-03-17 09:58:37,Clothing,Pants,5,30.0,150.0
2019-03-23 20:17:39,Groceries,Bread,3,2.0,6.0
2019-03-03 03:39:11,Electronics,Camera,1,1200.0,1200.0
2019-03-14 01:13:11,Clothing,Jacket,1,50.0,50.0
2019-03-20 08:06:01,Clothing,Jacket,4,50.0,200.0
2019-03-02 21:29:58,Clothing,T-Shirt,3,15.0,45.0
2019-03-13 22:10:51,Groceries,Yogurt,3,2.5,7.5
2019-03-15 23:02:43,Clothing,Jacket,4,50.0,200.0
2019-03-18 12:21:09,Groceries,Bread,3,2.0,6.0
2019-03-20 23:48:56,Electronics,Laptop,5,2500.0,12500.0
2019-04-18 20:27:01,Groceries,Milk,2,3.0,6.0
2019-04-04 16:58:26,Clothing,Pants,4,30.0,120.0
2019-04-20 20:53:40,Clothing,Pants,3,30.0,90.0
2019-04-15 18:21:00,Groceries,Yogurt,3,2.5,7.5
2019-04-02 20:22:04,Groceries,Milk,5,3.0,15.0
2019-04-16 10:30:01,Clothing,Jacket,5,50.0,250.0
2019-04-16 10:54:07,Groceries,Bread,1,2.0,2.0
2019-04-16 09:27:25,Electronics,Camera,3,1200.0,3600.0
2019-04-11 02:35:56,Groceries,Bread,3,2.0,6.0
2019-04-12 08:16:06,Clothing,Jacket,1,50.0,50.0
2019-05-19 23:36:18,Electronics,Camera,5,1200.0,6000.0
2019-05-04 22:08:08,Electronics,Laptop,5,2500.0,12500.0
2019-05-05 08:56:29,Clothing,Jacket,5,50.0,250.0
2019-05-09 22:31:36,Groceries,Milk,2,3.0,6.0
2019-05-16 01:52:09,Groceries,Bread,4,2.0,8.0
2019-05-07 20:55:09,Clothing,Pants,5,30.0,150.0
2019-05-03 07:25:55,Groceries,Bread,1,2.0,2.0
2019-05-20 00:27:47,Electronics,Laptop,2,2500.0,5000.0
2019-05-10 19:33:07,Clothing,T-Shirt,3,15.0,45.0
2019-05-12 00:34:46,Clothing,T-Shirt,1,15.0,15.0
2019-06-08 18:36:58,Groceries,Milk,2,3.0,6.0
2019-06-15 12:44:45,Electronics,Laptop,2,2500.0,5000.0
2019-06-03 07:27:58,Clothing,T-Shirt,5,15.0,75.0
2019-06-06 11:43:28,Groceries,Bread,2,2.0,4.0
2019-06-21 08:34:34,Groceries,Milk,3,3.0,9.0
2019-06-11 10:14:32,Clothing,Pants,5,30.0,150.0
2019-06-05 17:56:45,Clothing,Jacket,5,50.0,250.0
2019-06-11 08:55:00,Electronics,Laptop,1,2500.0,2500.0
2019-06-22 07:51:06,Clothing,Jacket,1,50.0,50.0
2019-06-14 00:52:54,Groceries,Yogurt,4,2.5,10.0
2019-07-08 16:14:34,Clothing,Jacket,3,50.0,150.0
2019-07-03 10:38:32,Electronics,Camera,3,1200.0,3600.0
2019-07-25 00:55:34,Groceries,Bread,4,2.0,8.0
2019-07-06 10:33:15,Groceries,Milk,4,3.0,12.0
2019-07-13 10:52:13,Electronics,Phone,4,800.0,3200.0
2019-07-03 01:42:44,Electronics,Laptop,2,2500.0,5000.0
2019-07-21 05:46:31,Clothing,Pants,3,30.0,90.0
2019-07-17 11:38:16,Electronics,Laptop,1,2500.0,2500.0
2019-07-26 02:23:34,Groceries,Yogurt,4,2.5,10.0
2019-07-03 20:51:50,Electronics,Laptop,5,2500.0,12500.0
2019-08-15 13:45:03,Clothing,T-Shirt,4,15.0,60.0
2019-08-09 23:57:17,Groceries,Bread,4,2.0,8.0
2019-08-18 12:27:13,Electronics,Phone,4,800.0,3200.0
2019-08-08 16:47:20,Groceries,Bread,5,2.0,10.0
2019-08-17 14:30:06,Groceries,Bread,4,2.0,8.0
2019-08-25 18:45:45,Groceries,Milk,3,3.0,9.0
2019-08-25 00:01:35,Clothing,Jacket,2,50.0,100.0
2019-08-12 22:35:45,Groceries,Bread,4,2.0,8.0
2019-08-06 03:55:05,Groceries,Milk,4,3.0,12.0
2019-08-13 05:44:59,Electronics,Laptop,5,2500.0,12500.0
2019-09-22 00:54:21,Groceries,Bread,3,2.0,6.0
2019-09-22 04:46:11,Electronics,Laptop,3,2500.0,7500.0
2019-09-16 17:00:28,Clothing,Pants,1,30.0,30.0
2019-09-19 11:29:05,Electronics,Camera,3,1200.0,3600.0
2019-09-07 19:57:05,Clothing,T-Shirt,1,15.0,15.0
2019-09-15 07:42:34,Groceries,Yogurt,5,2.5,12.5
2019-09-14 21:16:29,Groceries,Milk,1,3.0,3.0
2019-09-02 19:51:58,Clothing,Pants,4,30.0,120.0
2019-09-11 06:26:32,Groceries,Yogurt,3,2.5,7.5
2019-09-07 12:50:05,Clothing,Jacket,5,50.0,250.0
2019-10-27 07:40:57,Clothing,Jacket,3,50.0,150.0
2019-10-27 02:07:21,Groceries,Yogurt,1,2.5,2.5
2019-10-09 12:40:01,Electronics,Laptop,5,2500.0,12500.0
2019-10-14 17:05:16,Clothing,Pants,5,30.0,150.0
2019-10-04 18:34:52,Clothing,Jacket,5,50.0,250.0
2019-10-15 19:18:56,Electronics,Laptop,5,2500.0,12500.0
2019-10-22 14:27:02,Electronics,Camera,4,1200.0,4800.0
2019-10-26 07:17:10,Clothing,Pants,4,30.0,120.0
2019-10-18 19:15:59,Electronics,Laptop,4,2500.0,10000.0
2019-10-24 10:36:31,Clothing,Jacket,4,50.0,200.0
2019-11-16 10:19:26,Electronics,Camera,2,1200.0,2400.0
2019-11-21 03:46:33,Clothing,T-Shirt,2,15.0,30.0
2019-11-07 07:34:42,Groceries,Milk,1,3.0,3.0
2019-11-11 12:00:37,Electronics,Camera,1,1200.0,1200.0
2019-11-08 06:32:14,Clothing,Jacket,5,50.0,250.0
2019-11-01 05:41:25,Groceries,Milk,4,3.0,12.0
2019-11-07 01:16:21,Groceries,Bread,3,2.0,6.0
2019-11-13 06:31:12,Clothing,T-Shirt,3,15.0,45.0
2019-11-09 00:16:33,Clothing,Jacket,1,50.0,50.0
2019-11-10 01:57:06,Groceries,Bread,1,2.0,2.0
2019-12-06 22:45:54,Clothing,Jacket,3,50.0,150.0
2019-12-14 12:48:16,Electronics,Phone,5,800.0,4000.0
2019-12-03 16:13:32,Groceries,Bread,2,2.0,4.0
2019-12-07 04:57:27,Electronics,Camera,4,1200.0,4800.0
2019-12-09 23:20:17,Electronics,Phone,1,800.0,800.0
2019-12-11 15:23:47,Groceries,Bread,1,2.0,2.0
2019-12-26 22:06:52,Groceries,Milk,3,3.0,9.0
2019-12-01 00:52:43,Clothing,Pants,3,30.0,90.0
2019-12-13 07:47:15,Groceries,Yogurt,4,2.5,10.0
2019-12-14 17:08:57,Clothing,T-Shirt,4,15.0,60.0
2020-01-09 14:36:00,Clothing,T-Shirt,3,15.0,45.0
2020-01-17 12:23:07,Electronics,Phone,2,800.0,1600.0
2020-01-07 02:49:41,Groceries,Yogurt,5,2.5,12.5
2020-01-20 14:11:21,Electronics,Camera,4,1200.0,4800.0
2020-01-26 07:00:16,Groceries,Bread,2,2.0,4.0
2020-01-05 09:01:27,Clothing,Pants,1,30.0,30.0
2020-01-01 03:34:29,Clothing,Jacket,1,50.0,50.0
2020-01-15 11:07:24,Groceries,Milk,4,3.0,12.0
2020-01-20 21:51:01,Clothing,Jacket,2,50.0,100.0
2020-01-15 17:21:10,Electronics,Laptop,2,2500.0,5000.0
2020-02-11 23:14:02,Groceries,Bread,3,2.0,6.0
2020-02-24 08:04:29,Groceries,Yogurt,2,2.5,5.0
2020-02-09 05:34:28,Clothing,Pants,5,30.0,150.0
2020-02-16 08:47:24,Electronics,Camera,1,1200.0,1200.0
2020-02-04 22:04:44,Groceries,Milk,3,3.0,9.0
2020-02-02 22:15:48,Electronics,Laptop,1,2500.0,2500.0
2020-02-26 10:51:53,Electronics,Laptop,4,2500.0,10000.0
2020-02-18 18:40:47,Groceries,Milk,4,3.0,12.0
2020-02-10 02:55:17,Clothing,Jacket,3,50.0,150.0
2020-02-25 01:56:59,Groceries,Bread,2,2.0,4.0
2020-03-10 13:20:11,Clothing,Pants,5,30.0,150.0
2020-03-19 01:51:54,Groceries,Bread,3,2.0,6.0
2020-03-13 16:15:49,Clothing,Jacket,3,50.0,150.0
2020-03-22 09:38:11,Clothing,Pants,4,30.0,120.0
2020-03-24 13:26:57,Electronics,Phone,1,800.0,800.0
2020-03-16 21:06:41,Groceries,Bread,1,2.0,2.0
2020-03-27 02:08:43,Electronics,Camera,4,1200.0,4800.0
2020-03-05 18:31:45,Electronics,Camera,4,1200.0,4800.0
2020-03-15 23:17:09,Groceries,Yogurt,3,2.5,7.5
2020-03-09 10:03:21,Groceries,Milk,3,3.0,9.0
2020-04-02 03:33:08,Groceries,Yogurt,3,2.5,7.5
2020-04-06 12:07:28,Electronics,Phone,2,800.0,1600.0
2020-04-27 00:34:20,Groceries,Yogurt,2,2.5,5.0
2020-04-26 09:33:52,Electronics,Laptop,1,2500.0,2500.0
2020-04-14 19:00:17,Electronics,Laptop,3,2500.0,7500.0
2020-04-27 02:47:28,Clothing,T-Shirt,3,15.0,45.0
2020-04-27 06:28:37,Clothing,T-Shirt,3,15.0,45.0
2020-04-19 07:18:42,Clothing,Pants,3,30.0,90.0
2020-04-20 20:56:48,Clothing,Pants,3,30.0,90.0
2020-04-09 23:55:21,Clothing,T-Shirt,5,15.0,75.0
2020-05-21 08:33:08,Clothing,Pants,5,30.0,150.0
2020-05-02 03:11:22,Groceries,Yogurt,3,2.5,7.5
2020-05-21 05:00:27,Groceries,Yogurt,1,2.5,2.5
2020-05-15 05:53:42,Electronics,Phone,1,800.0,800.0
2020-05-19 01:36:48,Electronics,Camera,5,1200.0,6000.0
2020-05-23 06:27:22,Groceries,Bread,4,2.0,8.0
2020-05-15 15:52:34,Groceries,Milk,1,3.0,3.0
2020-05-27 12:21:15,Groceries,Milk,2,3.0,6.0
2020-05-11 22:40:53,Electronics,Phone,2,800.0,1600.0
2020-05-20 19:58:47,Electronics,Phone,4,800.0,3200.0
2020-06-10 13:33:35,Electronics,Phone,2,800.0,1600.0
2020-06-10 04:55:56,Clothing,T-Shirt,2,15.0,30.0
2020-06-17 07:14:58,Groceries,Bread,4,2.0,8.0
2020-06-06 01:57:51,Clothing,Pants,5,30.0,150.0
2020-06-19 12:11:10,Groceries,Yogurt,2,2.5,5.0
2020-06-06 02:19:15,Electronics,Camera,1,1200.0,1200.0
2020-06-19 14:02:22,Electronics,Laptop,4,2500.0,10000.0
2020-06-21 00:31:44,Clothing,Jacket,5,50.0,250.0
2020-06-14 15:20:46,Groceries,Bread,3,2.0,6.0
2020-06-23 01:15:27,Clothing,Jacket,1,50.0,50.0
2020-07-03 01:33:42,Groceries,Yogurt,3,2.5,7.5
2020-07-08 03:10:33,Electronics,Phone,5,800.0,4000.0
2020-07-05 01:08:39,Groceries,Bread,2,2.0,4.0
2020-07-14 21:55:19,Electronics,Camera,1,1200.0,1200.0
2020-07-09 23:00:14,Groceries,Yogurt,2,2.5,5.0
2020-07-04 04:25:28,Electronics,Camera,5,1200.0,6000.0
2020-07-04 04:27:29,Clothing,Pants,2,30.0,60.0
2020-07-08 16:03:36,Electronics,Laptop,1,2500.0,2500.0
2020-07-12 02:22:40,Electronics,Laptop,2,2500.0,5000.0
2020-07-20 16:30:56,Groceries,Milk,1,3.0,3.0
2020-08-22 00:33:03,Clothing,Pants,3,30.0,90.0
2020-08-01 15:53:33,Electronics,Camera,5,1200.0,6000.0
2020-08-04 06:44:09,Clothing,Jacket,2,50.0,100.0
2020-08-04 19:19:05,Clothing,Jacket,4,50.0,200.0
2020-08-20 00:55:23,Clothing,T-Shirt,1,15.0,15.0
2020-08-17 17:45:23,Electronics,Phone,4,800.0,3200.0
2020-08-08 05:38:07,Groceries,Milk,4,3.0,12.0
2020-08-22 19:03:11,Electronics,Laptop,2,2500.0,5000.0
2020-08-19 22:14:57,Electronics,Phone,4,800.0,3200.0
2020-08-15 11:09:07,Groceries,Bread,1,2.0,2.0
2020-09-07 21:24:47,Electronics,Laptop,4,2500.0,10000.0
2020-09-12 10:00:40,Clothing,Jacket,2,50.0,100.0
2020-09-18 17:06:08,Clothing,Pants,3,30.0,90.0
2020-09-19 23:33:33,Electronics,Camera,4,1200.0,4800.0
2020-09-24 15:48:17,Groceries,Yogurt,1,2.5,2.5
2020-09-18 21:55:20,Groceries,Yogurt,1,2.5,2.5
2020-09-08 18:32:27,Clothing,Jacket,5,50.0,250.0
2020-09-19 00:14:42,Electronics,Phone,2,800.0,1600.0
2020-09-23 08:06:33,Electronics,Laptop,1,2500.0,2500.0
2020-09-13 07:23:42,Groceries,Milk,1,3.0,3.0
2020-10-18 15:06:11,Groceries,Bread,4,2.0,8.0
2020-10-20 01:01:15,Electronics,Camera,2,1200.0,2400.0
2020-10-14 13:09:54,Clothing,Pants,2,30.0,60.0
2020-10-02 23:23:34,Groceries,Bread,3,2.0,6.0
2020-10-11 20:50:05,Electronics,Camera,1,1200.0,1200.0
2020-10-09 10:31:25,Groceries,Milk,4,3.0,12.0
2020-10-19 17:42:45,Groceries,Yogurt,2,2.5,5.0
2020-10-17 10:52:21,Clothing,T-Shirt,5,15.0,75.0
2020-10-05 02:32:53,Groceries,Milk,1,3.0,3.0
2020-10-18 05:37:56,Clothing,T-Shirt,4,15.0,60.0
2020-11-16 01:29:33,Electronics,Phone,4,800.0,3200.0
2020-11-20 21:19:01,Groceries,Bread,3,2.0,6.0
2020-11-12 11:37:34,Groceries,Bread,1,2.0,2.0
2020-11-21 09:05:56,Groceries,Bread,2,2.0,4.0
2020-11-21 17:54:30,Clothing,Pants,1,30.0,30.0
2020-11-21 00:40:36,Electronics,Camera,3,1200.0,3600.0
2020-11-21 04:11:25,Electronics,Laptop,3,2500.0,7500.0
2020-11-16 16:58:44,Groceries,Yogurt,1,2.5,2.5
2020-11-12 02:49:27,Clothing,Jacket,2,50.0,100.0
2020-11-08 06:12:40,Groceries,Milk,2,3.0,6.0
2020-12-16 18:03:47,Groceries,Yogurt,1,2.5,2.5
2020-12-07 01:32:24,Groceries,Yogurt,3,2.5,7.5
2020-12-16 22:44:58,Groceries,Yogurt,1,2.5,2.5
2020-12-15 11:21:39,Groceries,Yogurt,5,2.5,12.5
2020-12-25 21:25:07,Electronics,Phone,5,800.0,4000.0
2020-12-21 09:41:22,Clothing,T-Shirt,2,15.0,30.0
2020-12-12 21:46:45,Groceries,Milk,4,3.0,12.0
2020-12-01 02:16:28,Electronics,Camera,4,1200.0,4800.0
2020-12-01 11:41:48,Electronics,Camera,4,1200.0,4800.0
2020-12-17 14:22:09,Groceries,Bread,1,2.0,2.0
2021-01-04 14:18:39,Groceries,Milk,5,3.0,15.0
2021-01-22 08:41:14,Clothing,Pants,1,30.0,30.0
2021-01-07 03:04:18,Clothing,Pants,2,30.0,60.0
2021-01-23 01:22:49,Groceries,Milk,2,3.0,6.0
2021-01-19 01:56:52,Electronics,Laptop,2,2500.0,5000.0
2021-01-27 19:08:35,Clothing,Pants,5,30.0,150.0
2021-01-22 08:32:53,Groceries,Bread,4,2.0,8.0
2021-01-22 03:20:56,Electronics,Phone,1,800.0,800.0
2021-01-07 16:37:23,Electronics,Camera,4,1200.0,4800.0
2021-01-04 09:17:25,Clothing,T-Shirt,3,15.0,45.0
2021-02-21 20:39:16,Groceries,Milk,4,3.0,12.0
2021-02-16 21:16:32,Clothing,T-Shirt,5,15.0,75.0
2021-02-06 15:49:04,Electronics,Camera,1,1200.0,1200.0
2021-02-14 13:11:42,Groceries,Yogurt,1,2.5,2.5
2021-02-25 04:30:16,Clothing,Jacket,3,50.0,150.0
2021-02-10 19:46:28,Electronics,Phone,5,800.0,4000.0
2021-02-07 19:14:23,Groceries,Yogurt,2,2.5,5.0
2021-02-10 19:57:53,Groceries,Bread,2,2.0,4.0
2021-02-18 14:33:01,Groceries,Yogurt,3,2.5,7.5
2021-02-20 00:45:44,Electronics,Laptop,4,2500.0,10000.0
2021-03-02 09:58:33,Electronics,Phone,5,800.0,4000.0
2021-03-12 18:32:39,Electronics,Camera,4,1200.0,4800.0
2021-03-12 09:19:11,Clothing,Jacket,1,50.0,50.0
2021-03-26 22:45:05,Groceries,Milk,4,3.0,12.0
2021-03-11 15:41:48,Clothing,T-Shirt,2,15.0,30.0
2021-03-13 19:23:31,Groceries,Bread,1,2.0,2.0
2021-03-16 09:24:47,Clothing,Jacket,5,50.0,250.0
2021-03-18 18:05:33,Electronics,Laptop,1,2500.0,2500.0
2021-03-01 04:16:32,Groceries,Bread,2,2.0,4.0
2021-03-24 12:52:17,Groceries,Milk,5,3.0,15.0
2021-04-07 03:31:02,Clothing,Pants,5,30.0,150.0
2021-04-24 08:07:25,Clothing,Jacket,2,50.0,100.0
2021-04-23 16:57:48,Electronics,Phone,2,800.0,1600.0
2021-04-05 10:31:24,Electronics,Phone,2,800.0,1600.0
2021-04-18 11:40:52,Groceries,Bread,5,2.0,10.0
2021-04-11 08:14:52,Clothing,Jacket,3,50.0,150.0
2021-04-10 01:29:36,Groceries,Milk,3,3.0,9.0
2021-04-21 18:01:35,Groceries,Milk,2,3.0,6.0
2021-04-16 14:33:21,Groceries,Milk,5,3.0,15.0
2021-04-10 04:23:14,Electronics,Camera,1,1200.0,1200.0
2021-05-04 14:22:27,Groceries,Milk,3,3.0,9.0
2021-05-25 11:17:13,Groceries,Milk,1,3.0,3.0
2021-05-10 09:48:53,Electronics,Camera,3,1200.0,3600.0
2021-05-06 15:06:07,Clothing,Pants,2,30.0,60.0
2021-05-22 10:56:35,Clothing,T-Shirt,2,15.0,30.0
2021-05-26 17:48:49,Groceries,Yogurt,1,2.5,2.5
2021-05-16 17:05:18,Electronics,Laptop,5,2500.0,12500.0
2021-05-25 08:43:26,Electronics,Laptop,1,2500.0,2500.0
2021-05-20 05:12:12,Clothing,Pants,3,30.0,90.0
2021-05-02 02:58:02,Electronics,Phone,3,800.0,2400.0
2021-06-03 15:32:02,Electronics,Camera,5,1200.0,6000.0
2021-06-02 04:45:08,Groceries,Milk,3,3.0,9.0
2021-06-15 07:47:17,Electronics,Camera,3,1200.0,3600.0
2021-06-24 17:14:24,Electronics,Camera,5,1200.0,6000.0
2021-06-04 19:30:39,Electronics,Camera,2,1200.0,2400.0
2021-06-06 21:20:36,Clothing,Jacket,5,50.0,250.0
2021-06-23 22:58:03,Groceries,Milk,3,3.0,9.0
2021-06-15 01:07:25,Electronics,Phone,4,800.0,3200.0
2021-06-12 10:14:49,Groceries,Bread,5,2.0,10.0
2021-06-21 20:08:39,Groceries,Milk,2,3.0,6.0
2021-07-25 01:03:00,Groceries,Milk,1,3.0,3.0
2021-07-11 05:21:31,Groceries,Bread,4,2.0,8.0
2021-07-27 20:53:26,Electronics,Camera,2,1200.0,2400.0
2021-07-23 11:06:06,Electronics,Phone,4,800.0,3200.0
2021-07-22 00:39:36,Clothing,Jacket,5,50.0,250.0
2021-07-21 10:21:25,Clothing,Pants,1,30.0,30.0
2021-07-02 12:49:22,Groceries,Bread,3,2.0,6.0
2021-07-11 06:44:02,Groceries,Bread,3,2.0,6.0
2021-07-25 16:29:35,Electronics,Camera,2,1200.0,2400.0
2021-07-05 23:22:12,Groceries,Bread,3,2.0,6.0
2021-08-05 01:19:49,Electronics,Phone,5,800.0,4000.0
2021-08-07 02:35:47,Clothing,Pants,5,30.0,150.0
2021-08-21 23:28:00,Electronics,Camera,3,1200.0,3600.0
2021-08-04 13:16:32,Electronics,Laptop,5,2500.0,12500.0
2021-08-10 14:29:53,Electronics,Laptop,2,2500.0,5000.0
2021-08-15 06:44:59,Electronics,Phone,3,800.0,2400.0
2021-08-08 12:37:26,Clothing,Pants,2,30.0,60.0
2021-08-20 01:02:38,Groceries,Milk,4,3.0,12.0
2021-08-11 12:19:30,Groceries,Bread,5,2.0,10.0
2021-08-19 02:19:34,Clothing,Jacket,2,50.0,100.0
2021-09-17 02:12:05,Clothing,Jacket,5,50.0,250.0
2021-09-26 14:38:00,Groceries,Bread,4,2.0,8.0
2021-09-17 20:29:12,Electronics,Laptop,4,2500.0,10000.0
2021-09-19 10:15:09,Electronics,Phone,2,800.0,1600.0
2021-09-16 06:17:44,Groceries,Milk,1,3.0,3.0
2021-09-04 04:36:23,Clothing,Pants,4,30.0,120.0
2021-09-27 03:26:39,Electronics,Phone,3,800.0,2400.0
2021-09-08 21:00:07,Groceries,Milk,2,3.0,6.0
2021-09-05 00:05:10,Groceries,Bread,3,2.0,6.0
2021-09-18 06:57:53,Clothing,Pants,1,30.0,30.0
2021-10-09 18:16:19,Groceries,Yogurt,1,2.5,2.5
2021-10-13 03:30:57,Electronics,Camera,2,1200.0,2400.0
2021-10-20 06:16:16,Clothing,T-Shirt,3,15.0,45.0
2021-10-04 09:09:45,Electronics,Phone,1,800.0,800.0
2021-10-20 15:15:08,Clothing,T-Shirt,4,15.0,60.0
2021-10-11 08:23:18,Electronics,Phone,4,800.0,3200.0
2021-10-01 00:23:31,Groceries,Yogurt,4,2.5,10.0
2021-10-16 03:39:01,Groceries,Yogurt,2,2.5,5.0
2021-10-23 14:42:01,Groceries,Yogurt,1,2.5,2.5
2021-10-11 19:01:24,Groceries,Bread,1,2.0,2.0
2021-11-16 05:40:31,Clothing,Jacket,3,50.0,150.0
2021-11-21 22:13:54,Groceries,Yogurt,4,2.5,10.0
2021-11-22 16:31:42,Clothing,T-Shirt,5,15.0,75.0
2021-11-26 12:36:00,Groceries,Bread,2,2.0,4.0
2021-11-15 02:11:02,Electronics,Camera,4,1200.0,4800.0
2021-11-27 02:45:04,Electronics,Camera,1,1200.0,1200.0
2021-11-19 17:41:43,Groceries,Milk,5,3.0,15.0
2021-11-17 11:11:42,Electronics,Phone,5,800.0,4000.0
2021-11-13 09:40:25,Groceries,Bread,2,2.0,4.0
2021-11-18 03:39:48,Groceries,Milk,3,3.0,9.0
2021-12-20 01:49:53,Clothing,Pants,5,30.0,150.0
2021-12-14 17:51:04,Clothing,Pants,2,30.0,60.0
2021-12-18 00:08:08,Clothing,T-Shirt,5,15.0,75.0
2021-12-10 23:29:46,Clothing,T-Shirt,4,15.0,60.0
2021-12-06 07:44:44,Clothing,T-Shirt,2,15.0,30.0
2021-12-08 19:08:14,Groceries,Yogurt,1,2.5,2.5
2021-12-26 05:18:50,Electronics,Phone,3,800.0,2400.0
2021-12-21 09:08:02,Groceries,Milk,4,3.0,12.0
2021-12-06 11:04:24,Electronics,Camera,3,1200.0,3600.0
2021-12-01 19:13:28,Electronics,Laptop,4,2500.0,10000.0
2022-01-20 02:50:29,Groceries,Bread,1,2.0,2.0
2022-01-13 11:01:39,Clothing,Jacket,2,50.0,100.0
2022-01-05 12:20:33,Electronics,Phone,2,800.0,1600.0
2022-01-18 09:26:12,Groceries,Yogurt,1,2.5,2.5
2022-01-04 07:45:47,Electronics,Laptop,4,2500.0,10000.0
2022-01-25 11:04:15,Clothing,Pants,2,30.0,60.0
2022-01-12 03:39:15,Groceries,Bread,4,2.0,8.0
2022-01-08 02:49:32,Electronics,Camera,5,1200.0,6000.0
2022-01-14 12:59:23,Clothing,Pants,1,30.0,30.0
2022-01-22 12:11:42,Clothing,T-Shirt,2,15.0,30.0
2022-02-07 01:39:25,Clothing,T-Shirt,2,15.0,30.0
2022-02-04 02:58:46,Electronics,Camera,3,1200.0,3600.0
2022-02-05 08:49:33,Electronics,Laptop,4,2500.0,10000.0
2022-02-25 17:40:17,Groceries,Yogurt,2,2.5,5.0
2022-02-06 12:42:14,Electronics,Camera,2,1200.0,2400.0
2022-02-12 23:43:07,Electronics,Phone,3,800.0,2400.0
2022-02-06 19:36:25,Groceries,Milk,3,3.0,9.0
2022-02-27 14:22:09,Electronics,Phone,5,800.0,4000.0
2022-02-23 15:11:27,Clothing,T-Shirt,1,15.0,15.0
2022-02-26 05:08:20,Electronics,Camera,5,1200.0,6000.0
2022-03-05 05:23:52,Electronics,Laptop,2,2500.0,5000.0
2022-03-13 10:28:44,Groceries,Bread,2,2.0,4.0
2022-03-20 04:29:54,Groceries,Yogurt,2,2.5,5.0
2022-03-06 20:00:13,Electronics,Phone,3,800.0,2400.0
2022-03-05 12:06:48,Electronics,Laptop,1,2500.0,2500.0
2022-03-16 01:45:59,Clothing,Pants,1,30.0,30.0
2022-03-04 10:00:36,Groceries,Bread,3,2.0,6.0
2022-03-03 12:29:40,Electronics,Camera,1,1200.0,1200.0
2022-03-07 16:51:22,Groceries,Yogurt,4,2.5,10.0
2022-03-24 21:55:33,Electronics,Camera,2,1200.0,2400.0
2022-04-07 19:05:49,Clothing,T-Shirt,1,15.0,15.0
2022-04-17 08:25:34,Clothing,Jacket,4,50.0,200.0
2022-04-05 05:01:25,Clothing,Pants,3,30.0,90.0
2022-04-16 14:35:12,Clothing,Jacket,1,50.0,50.0
2022-04-16 18:54:46,Electronics,Camera,2,1200.0,2400.0
2022-04-09 20:11:33,Clothing,Pants,2,30.0,60.0
2022-04-24 11:16:28,Groceries,Yogurt,1,2.5,2.5
2022-04-04 01:20:21,Groceries,Yogurt,5,2.5,12.5
2022-04-08 14:26:13,Electronics,Phone,4,800.0,3200.0
2022-04-10 18:04:58,Groceries,Bread,1,2.0,2.0
2022-05-13 11:25:51,Groceries,Milk,4,3.0,12.0
2022-05-12 17:11:50,Electronics,Camera,4,1200.0,4800.0
2022-05-17 17:10:18,Electronics,Camera,1,1200.0,1200.0
2022-05-23 00:05:32,Electronics,Camera,2,1200.0,2400.0
2022-05-01 00:58:27,Electronics,Phone,5,800.0,4000.0
2022-05-23 15:15:10,Groceries,Bread,3,2.0,6.0
2022-05-06 18:11:21,Electronics,Laptop,5,2500.0,12500.0
2022-05-14 02:39:04,Clothing,Pants,1,30.0,30.0
2022-05-06 18:29:07,Groceries,Milk,1,3.0,3.0
2022-05-10 10:53:40,Clothing,Pants,3,30.0,90.0
2022-06-13 16:37:47,Groceries,Milk,2,3.0,6.0
2022-06-18 04:04:54,Groceries,Yogurt,2,2.5,5.0
2022-06-02 06:58:05,Groceries,Milk,2,3.0,6.0
2022-06-11 01:12:06,Clothing,Pants,2,30.0,60.0
2022-06-13 04:08:50,Clothing,Pants,2,30.0,60.0
2022-06-02 00:36:33,Clothing,Pants,2,30.0,60.0
2022-06-15 16:31:55,Clothing,T-Shirt,4,15.0,60.0
2022-06-04 15:18:20,Groceries,Bread,5,2.0,10.0
2022-06-01 12:12:42,Clothing,Jacket,4,50.0,200.0
2022-06-17 10:19:42,Groceries,Bread,1,2.0,2.0
2022-07-25 06:04:00,Electronics,Camera,2,1200.0,2400.0
2022-07-11 11:59:09,Electronics,Camera,4,1200.0,4800.0
2022-07-14 22:24:41,Groceries,Milk,4,3.0,12.0
2022-07-08 14:40:03,Groceries,Bread,5,2.0,10.0
2022-07-13 15:33:28,Groceries,Yogurt,5,2.5,12.5
2022-07-04 22:26:25,Electronics,Phone,2,800.0,1600.0
2022-07-25 12:33:51,Electronics,Phone,1,800.0,800.0
2022-07-11 03:54:26,Clothing,Jacket,3,50.0,150.0
2022-07-22 22:15:15,Electronics,Laptop,5,2500.0,12500.0
2022-07-14 16:53:47,Electronics,Laptop,1,2500.0,2500.0
2022-08-06 07:09:38,Clothing,Pants,3,30.0,90.0
2022-08-12 09:30:45,Electronics,Laptop,3,2500.0,7500.0
2022-08-18 23:53:51,Clothing,Jacket,4,50.0,200.0
2022-08-10 23:19:08,Clothing,T-Shirt,3,15.0,45.0
2022-08-02 11:40:41,Clothing,Pants,5,30.0,150.0
2022-08-21 05:26:09,Groceries,Yogurt,1,2.5,2.5
2022-08-16 15:38:13,Electronics,Laptop,5,2500.0,12500.0
2022-08-16 17:09:15,Electronics,Camera,5,1200.0,6000.0
2022-08-15 10:20:12,Clothing,Pants,1,30.0,30.0
2022-08-08 18:22:26,Clothing,T-Shirt,2,15.0,30.0
2022-09-19 13:08:29,Groceries,Yogurt,2,2.5,5.0
2022-09-22 09:13:50,Clothing,T-Shirt,3,15.0,45.0
2022-09-22 23:53:51,Electronics,Camera,5,1200.0,6000.0
2022-09-16 13:18:27,Clothing,T-Shirt,1,15.0,15.0
2022-09-13 23:12:03,Clothing,Pants,1,30.0,30.0
2022-09-12 11:11:57,Clothing,Pants,1,30.0,30.0
2022-09-05 14:05:19,Clothing,Pants,3,30.0,90.0
2022-09-01 04:43:41,Groceries,Yogurt,1,2.5,2.5
2022-09-07 10:40:39,Groceries,Milk,1,3.0,3.0
2022-09-01 17:04:39,Clothing,T-Shirt,1,15.0,15.0
2022-10-27 14:54:25,Groceries,Yogurt,1,2.5,2.5
2022-10-12 19:20:56,Electronics,Laptop,4,2500.0,10000.0
2022-10-14 22:24:42,Groceries,Milk,1,3.0,3.0
2022-10-23 19:25:55,Clothing,Pants,5,30.0,150.0
2022-10-16 20:47:26,Groceries,Yogurt,4,2.5,10.0
2022-10-27 13:23:45,Groceries,Bread,5,2.0,10.0
2022-10-20 20:14:57,Electronics,Laptop,2,2500.0,5000.0
2022-10-06 19:22:51,Groceries,Milk,5,3.0,15.0
2022-10-06 07:41:37,Electronics,Laptop,1,2500.0,2500.0
2022-10-25 04:04:26,Groceries,Bread,3,2.0,6.0
2022-11-25 11:23:00,Clothing,Jacket,4,50.0,200.0
2022-11-02 17:37:31,Groceries,Bread,1,2.0,2.0
2022-11-22 23:45:55,Electronics,Phone,4,800.0,3200.0
2022-11-16 16:59:33,Electronics,Camera,5,1200.0,6000.0
2022-11-09 17:06:31,Electronics,Phone,1,800.0,800.0
2022-11-12 01:37:27,Clothing,Jacket,1,50.0,50.0
2022-11-13 22:23:07,Groceries,Milk,3,3.0,9.0
2022-11-05 18:14:09,Electronics,Camera,2,1200.0,2400.0
2022-11-17 01:42:50,Groceries,Yogurt,4,2.5,10.0
2022-11-24 18:38:31,Electronics,Laptop,3,2500.0,7500.0
2022-12-10 03:39:34,Electronics,Laptop,2,2500.0,5000.0
2022-12-13 10:38:22,Clothing,T-Shirt,2,15.0,30.0
2022-12-06 15:42:34,Electronics,Phone,4,800.0,3200.0
2022-12-08 02:00:46,Groceries,Yogurt,3,2.5,7.5
2022-12-27 22:46:28,Groceries,Milk,2,3.0,6.0
2022-12-13 02:12:19,Groceries,Bread,3,2.0,6.0
2022-12-01 08:18:48,Electronics,Laptop,1,2500.0,2500.0
2022-12-16 19:19:34,Electronics,Laptop,4,2500.0,10000.0
2022-12-06 05:40:23,Clothing,Jacket,1,50.0,50.0
2022-12-20 13:55:05,Clothing,Pants,3,30.0,90.0
2023-01-26 03:59:00,Clothing,T-Shirt,4,15.0,60.0
2023-01-03 18:13:49,Clothing,T-Shirt,4,15.0,60.0
2023-01-19 22:13:49,Clothing,Jacket,3,50.0,150.0
2023-01-01 00:46:37,Clothing,Pants,5,30.0,150.0
2023-01-03 17:46:59,Clothing,Pants,1,30.0,30.0
2023-01-08 07:28:55,Electronics,Phone,4,800.0,3200.0
2023-01-21 04:42:56,Groceries,Yogurt,2,2.5,5.0
2023-01-11 00:58:49,Electronics,Camera,2,1200.0,2400.0
2023-01-19 13:39:35,Groceries,Milk,4,3.0,12.0
2023-01-14 13:49:45,Electronics,Laptop,3,2500.0,7500.0
2023-02-09 07:27:25,Groceries,Yogurt,4,2.5,10.0
2023-02-02 19:09:19,Electronics,Camera,2,1200.0,2400.0
2023-02-07 22:49:38,Electronics,Phone,3,800.0,2400.0
2023-02-09 08:18:25,Groceries,Yogurt,5,2.5,12.5
2023-02-07 05:05:43,Groceries,Milk,1,3.0,3.0
2023-02-04 04:08:40,Clothing,Pants,3,30.0,90.0
2023-02-02 00:24:57,Clothing,Jacket,1,50.0,50.0
2023-02-14 08:57:50,Electronics,Phone,2,800.0,1600.0
2023-02-18 12:38:56,Groceries,Milk,1,3.0,3.0
2023-02-12 04:00:09,Groceries,Bread,4,2.0,8.0
2023-03-24 21:02:30,Electronics,Phone,4,800.0,3200.0
2023-03-11 05:50:15,Electronics,Camera,2,1200.0,2400.0
2023-03-13 21:31:36,Groceries,Yogurt,5,2.5,12.5
2023-03-04 20:34:48,Clothing,Pants,4,30.0,120.0
2023-03-11 21:06:26,Electronics,Camera,4,1200.0,4800.0
2023-03-17 12:56:06,Groceries,Bread,5,2.0,10.0
2023-03-07 03:58:16,Clothing,Pants,5,30.0,150.0
2023-03-19 12:21:22,Groceries,Yogurt,4,2.5,10.0
2023-03-21 20:41:49,Groceries,Bread,2,2.0,4.0
2023-03-26 07:31:23,Clothing,Jacket,2,50.0,100.0
2023-04-10 00:23:39,Electronics,Phone,2,800.0,1600.0
2023-04-16 08:18:40,Electronics,Phone,4,800.0,3200.0
2023-04-04 04:54:40,Clothing,Pants,4,30.0,120.0
2023-04-24 23:43:39,Electronics,Laptop,4,2500.0,10000.0
2023-04-15 21:45:37,Groceries,Yogurt,4,2.5,10.0
2023-04-17 01:32:51,Clothing,T-Shirt,3,15.0,45.0
2023-04-27 20:24:06,Electronics,Phone,4,800.0,3200.0
2023-04-23 03:07:50,Clothing,T-Shirt,5,15.0,75.0
2023-04-26 10:03:49,Electronics,Camera,5,1200.0,6000.0
2023-04-10 23:56:54,Electronics,Phone,2,800.0,1600.0
2023-05-18 09:01:00,Clothing,T-Shirt,3,15.0,45.0
2023-05-07 03:36:40,Electronics,Camera,3,1200.0,3600.0
2023-05-27 06:43:44,Electronics,Camera,2,1200.0,2400.0
2023-05-02 09:56:30,Clothing,Pants,5,30.0,150.0
2023-05-23 23:37:40,Groceries,Bread,2,2.0,4.0
2023-05-13 16:42:43,Groceries,Yogurt,4,2.5,10.0
2023-05-12 08:25:03,Electronics,Phone,2,800.0,1600.0
2023-05-17 17:00:53,Clothing,Pants,3,30.0,90.0
2023-05-18 03:28:06,Groceries,Bread,5,2.0,10.0
2023-05-05 17:57:36,Groceries,Yogurt,5,2.5,12.5
2023-06-21 03:33:00,Clothing,Jacket,3,50.0,150.0
2023-06-02 00:57:01,Electronics,Camera,3,1200.0,3600.0
2023-06-14 10:12:10,Groceries,Milk,1,3.0,3.0
2023-06-22 11:43:57,Clothing,Pants,3,30.0,90.0
2023-06-03 23:58:58,Electronics,Laptop,2,2500.0,5000.0
2023-06-14 12:26:01,Electronics,Camera,5,1200.0,6000.0
2023-06-01 13:16:47,Clothing,T-Shirt,3,15.0,45.0
2023-06-13 21:53:48,Clothing,Jacket,5,50.0,250.0
2023-06-05 04:55:45,Electronics,Camera,2,1200.0,2400.0
2023-06-26 02:46:27,Electronics,Laptop,4,2500.0,10000.0
2023-07-01 20:29:48,Clothing,T-Shirt,1,15.0,15.0
2023-07-22 01:02:17,Groceries,Yogurt,3,2.5,7.5
2023-07-14 08:09:31,Clothing,Jacket,5,50.0,250.0
2023-07-27 07:38:20,Electronics,Laptop,2,2500.0,5000.0
2023-07-10 00:22:53,Electronics,Phone,5,800.0,4000.0
2023-07-08 02:11:42,Electronics,Camera,5,1200.0,6000.0
2023-07-15 18:21:05,Clothing,Jacket,2,50.0,100.0
2023-07-21 15:01:36,Electronics,Phone,1,800.0,800.0
2023-07-12 13:18:36,Groceries,Milk,3,3.0,9.0
2023-07-19 17:35:34,Groceries,Bread,3,2.0,6.0
2023-08-22 12:24:07,Clothing,Pants,2,30.0,60.0
2023-08-16 04:36:57,Clothing,T-Shirt,2,15.0,30.0
2023-08-06 20:41:43,Clothing,Pants,5,30.0,150.0
2023-08-27 17:07:28,Clothing,Jacket,4,50.0,200.0
2023-08-08 18:22:24,Clothing,T-Shirt,3,15.0,45.0
2023-08-24 10:35:39,Clothing,T-Shirt,5,15.0,75.0
2023-08-20 03:59:57,Clothing,Pants,4,30.0,120.0
2023-08-18 22:18:31,Clothing,Jacket,4,50.0,200.0
2023-08-23 20:12:14,Groceries,Yogurt,2,2.5,5.0
2023-08-03 13:08:54,Groceries,Bread,5,2.0,10.0
2023-09-08 02:40:05,Clothing,Pants,4,30.0,120.0
2023-09-18 19:54:11,Groceries,Bread,5,2.0,10.0
2023-09-13 09:07:54,Electronics,Phone,5,800.0,4000.0
2023-09-09 05:06:51,Electronics,Camera,1,1200.0,1200.0
2023-09-19 11:23:03,Clothing,T-Shirt,5,15.0,75.0
2023-09-05 12:44:08,Clothing,T-Shirt,1,15.0,15.0
2023-09-24 15:33:20,Clothing,Pants,5,30.0,150.0
2023-09-19 16:56:41,Groceries,Milk,3,3.0,9.0
2023-09-07 06:16:34,Clothing,Jacket,5,50.0,250.0
2023-09-15 07:45:27,Clothing,Pants,1,30.0,30.0
2023-10-23 16:48:19,Electronics,Laptop,1,2500.0,2500.0
2023-10-27 14:35:47,Clothing,Pants,2,30.0,60.0
2023-10-23 12:40:28,Electronics,Camera,1,1200.0,1200.0
2023-10-04 06:56:57,Electronics,Camera,4,1200.0,4800.0
2023-10-07 17:53:07,Clothing,Jacket,5,50.0,250.0
2023-10-07 23:33:49,Electronics,Laptop,1,2500.0,2500.0
2023-10-15 23:27:10,Groceries,Yogurt,3,2.5,7.5
2023-10-15 20:28:06,Clothing,Jacket,4,50.0,200.0
2023-10-07 10:59:59,Clothing,Jacket,3,50.0,150.0
2023-10-04 13:38:08,Electronics,Camera,3,1200.0,3600.0
2023-11-16 18:03:09,Clothing,Pants,2,30.0,60.0
2023-11-20 04:15:24,Groceries,Bread,2,2.0,4.0
2023-11-10 18:20:34,Groceries,Milk,5,3.0,15.0
2023-11-19 09:04:54,Groceries,Bread,5,2.0,10.0
2023-11-03 21:58:14,Clothing,Jacket,4,50.0,200.0
2023-11-13 15:35:02,Electronics,Phone,5,800.0,4000.0
2023-11-11 13:23:23,Electronics,Laptop,5,2500.0,12500.0
2023-11-13 03:33:13,Clothing,Jacket,2,50.0,100.0
2023-11-06 23:30:17,Groceries,Yogurt,1,2.5,2.5
2023-11-02 08:15:18,Electronics,Phone,4,800.0,3200.0
2023-12-14 10:47:31,Electronics,Laptop,4,2500.0,10000.0
2023-12-26 06:50:43,Clothing,T-Shirt,4,15.0,60.0
2023-12-09 19:38:17,Groceries,Bread,1,2.0,2.0
2023-12-27 06:38:07,Groceries,Yogurt,3,2.5,7.5
2023-12-25 16:09:22,Groceries,Milk,2,3.0,6.0
2023-12-17 13:44:50,Electronics,Camera,1,1200.0,1200.0
2023-12-07 21:03:27,Groceries,Yogurt,4,2.5,10.0
2023-12-27 09:51:50,Groceries,Bread,5,2.0,10.0
2023-12-08 03:59:24,Clothing,Pants,3,30.0,90.0
2023-12-24 03:50:00,Electronics,Phone,1,800.0,800.0
